iter	Logloss
0	0.5947719469
1	0.5268522926
2	0.472501035
3	0.4277605319
4	0.3963099437
5	0.3693333613
6	0.3336879929
7	0.3131854728
8	0.2910346683
9	0.2806670935
10	0.2609213306
11	0.2561117426
12	0.2485282163
13	0.2392188703
14	0.226865508
15	0.2199318984
16	0.2173602694
17	0.2152404362
18	0.2094336803
19	0.2061664343
20	0.1993215018
21	0.196166606
22	0.1922421476
23	0.1866711161
24	0.1837796208
25	0.181703022
26	0.1782662636
27	0.1760214904
28	0.1722934902
29	0.171288129
30	0.165843425
31	0.1623051766
32	0.1561845899
33	0.1558543414
34	0.1553951274
35	0.1521122807
36	0.1490692583
37	0.1483274997
38	0.1476566173
39	0.1454235342
40	0.1445447426
41	0.1437413627
42	0.1434035896
43	0.1430045555
44	0.1424408678
45	0.1413607365
46	0.1413426746
47	0.1381950278
48	0.1370431545
49	0.1352955283
50	0.1342265567
51	0.1340981092
52	0.1327470614
53	0.1297529936
54	0.12896988
55	0.1286557688
56	0.1280335115
57	0.1274651747
58	0.1257391298
59	0.1255772831
60	0.1221020495
